path,prompt,prompt_index,sampling_progress,mass_outside_fixed_3x3,top1_outside_fixed_3x3_rate,fixed_3x3_local_kl,fixed_3x3_motion_error,fixed_3x3_displacement_error,fixed_3x3_teacher_entropy,fixed_3x3_teacher_normalized_entropy,fixed_3x3_teacher_mass_covered,fixed_3x3_teacher_top1_retained,fixed_3x3_candidate_count,teacher_topk_local_kl,teacher_topk_motion_error,teacher_topk_displacement_error,teacher_topk_teacher_entropy,teacher_topk_teacher_normalized_entropy,teacher_topk_teacher_mass_covered,teacher_topk_teacher_top1_retained,teacher_topk_candidate_count,teacher_centered_3x3_local_kl,teacher_centered_3x3_motion_error,teacher_centered_3x3_displacement_error,teacher_centered_3x3_teacher_entropy,teacher_centered_3x3_teacher_normalized_entropy,teacher_centered_3x3_teacher_mass_covered,teacher_centered_3x3_teacher_top1_retained,teacher_centered_3x3_candidate_count,random_topk_local_kl,random_topk_motion_error,random_topk_displacement_error,random_topk_teacher_entropy,random_topk_teacher_normalized_entropy,random_topk_teacher_mass_covered,random_topk_teacher_top1_retained,random_topk_candidate_count
/home/zhouchongtian/quantization/qvdit_flash_bf16/logs_fp16_flash/adaptive_mtd_feature_capture_v1/features/000_A_soaring_drone_footage_captures_the_majestic_beauty_of_a_coastal_cliff_its_red_and_yellow_stratified_rock_fa_4eead13c96/step_025.pt,"A soaring drone footage captures the majestic beauty of a coastal cliff, its red and yellow stratified rock faces rich in color and against the vibrant turquoise of the sea. Seabirds can be seen taking flight around the cliff's precipices. As the drone slowly moves from different angles, the changing sunlight casts shifting shadows that highlight the rugged textures of the cliff and the surrounding calm sea. The water gently laps at the rock base and the greenery that clings to the top of the cliff, and the scene gives a sense of peaceful isolation at the fringes of the ocean. The video captures the essence of pristine natural beauty untouched by human structures.",0,25,0.6082536578178406,0.6065104603767395,0.0320030078291893,0.0014515521470457315,0.07642525434494019,0.4191776514053345,0.19914387166500092,0.3917464017868042,0.3934895992279053,8.265625,0.044127535074949265,0.0010461428901180625,0.15222714841365814,0.8044416904449463,0.3661171793937683,0.9996412992477417,1.0,9.0,0.026629159227013588,0.000914140953682363,0.04388536140322685,0.3614700436592102,0.16931432485580444,0.7738792896270752,1.0,8.403646469116211,0.03853433206677437,0.0018493464449420571,0.13165335357189178,0.4488774240016937,0.2042929083108902,0.44067952036857605,0.43932294845581055,9.0
/home/zhouchongtian/quantization/qvdit_flash_bf16/logs_fp16_flash/adaptive_mtd_feature_capture_v1/features/000_A_soaring_drone_footage_captures_the_majestic_beauty_of_a_coastal_cliff_its_red_and_yellow_stratified_rock_fa_4eead13c96/step_050.pt,"A soaring drone footage captures the majestic beauty of a coastal cliff, its red and yellow stratified rock faces rich in color and against the vibrant turquoise of the sea. Seabirds can be seen taking flight around the cliff's precipices. As the drone slowly moves from different angles, the changing sunlight casts shifting shadows that highlight the rugged textures of the cliff and the surrounding calm sea. The water gently laps at the rock base and the greenery that clings to the top of the cliff, and the scene gives a sense of peaceful isolation at the fringes of the ocean. The video captures the essence of pristine natural beauty untouched by human structures.",0,50,0.6045494675636292,0.6015625596046448,0.06554918736219406,0.0030813943594694138,0.11123998463153839,0.41535747051239014,0.1974615901708603,0.395450621843338,0.3984375298023224,8.265625,0.07087793946266174,0.0019221563125029206,0.21729090809822083,0.8015267848968506,0.36479055881500244,0.9996300935745239,1.0,9.0,0.039573151618242264,0.001804223284125328,0.06338667124509811,0.3667941093444824,0.17208924889564514,0.7764488458633423,1.0,8.400521278381348,0.06992799043655396,0.0033491377253085375,0.18457145988941193,0.44835296273231506,0.20405423641204834,0.43972086906433105,0.43697917461395264,9.0
/home/zhouchongtian/quantization/qvdit_flash_bf16/logs_fp16_flash/adaptive_mtd_feature_capture_v1/features/000_A_soaring_drone_footage_captures_the_majestic_beauty_of_a_coastal_cliff_its_red_and_yellow_stratified_rock_fa_4eead13c96/step_075.pt,"A soaring drone footage captures the majestic beauty of a coastal cliff, its red and yellow stratified rock faces rich in color and against the vibrant turquoise of the sea. Seabirds can be seen taking flight around the cliff's precipices. As the drone slowly moves from different angles, the changing sunlight casts shifting shadows that highlight the rugged textures of the cliff and the surrounding calm sea. The water gently laps at the rock base and the greenery that clings to the top of the cliff, and the scene gives a sense of peaceful isolation at the fringes of the ocean. The video captures the essence of pristine natural beauty untouched by human structures.",0,75,0.6067133545875549,0.6078125238418579,0.22040040791034698,0.01039890293031931,0.22206833958625793,0.4157700836658478,0.19754616916179657,0.39328673481941223,0.3921875059604645,8.265625,0.2733309864997864,0.006665815133601427,0.42785361409187317,0.8065205216407776,0.3670632839202881,0.9996143579483032,1.0,9.0,0.15577976405620575,0.0067787086591124535,0.13619478046894073,0.3643948435783386,0.17103211581707,0.7757053971290588,1.0,8.390886306762695,0.23448359966278076,0.010597591288387775,0.36005479097366333,0.4438682198524475,0.20201312005519867,0.4371512234210968,0.4364583492279053,9.0
/home/zhouchongtian/quantization/qvdit_flash_bf16/logs_fp16_flash/adaptive_mtd_feature_capture_v1/features/002_A_vibrant_scene_of_a_snowy_mountain_landscape._The_sky_is_filled_with_a_multitude_of_colorful_hot_air_balloon_0fdc5ecbaf/step_025.pt,"A vibrant scene of a snowy mountain landscape. The sky is filled with a multitude of colorful hot air balloons, each floating at different heights, creating a dynamic and lively atmosphere. The balloons are scattered across the sky, some closer to the viewer, others further away, adding depth to the scene.  Below, the mountainous terrain is blanketed in a thick layer of snow, with a few patches of bare earth visible here and there. The snow-covered mountains provide a stark contrast to the colorful balloons, enhancing the visual appeal of the scene.  In the foreground, a few cars can be seen driving along a winding road that cuts through the mountains. The cars are small compared to the vastness of the landscape, emphasizing the grandeur of the surroundings.  The overall style of the video is a mix of adventure and tranquility, with the hot air balloons adding a touch of whimsy to the otherwise serene mountain landscape. The video is likely shot during the day, as the lighting is bright and even, casting soft shadows on the snow-covered mountains.",2,25,0.6046340465545654,0.6041666865348816,0.027330942451953888,0.0015479879220947623,0.07696441560983658,0.42222923040390015,0.200371652841568,0.39536598324775696,0.3958333432674408,8.265625,0.032587796449661255,0.0010522602824494243,0.1517583727836609,0.8143259882926941,0.37061572074890137,0.9996169805526733,1.0,9.0,0.0167305376380682,0.0009414228261448443,0.04270511865615845,0.36204037070274353,0.17008477449417114,0.7722448706626892,1.0,8.405468940734863,0.029980668798089027,0.0017112019704654813,0.131362184882164,0.4571993052959442,0.20808036625385284,0.45287463068962097,0.45104169845581055,9.0
/home/zhouchongtian/quantization/qvdit_flash_bf16/logs_fp16_flash/adaptive_mtd_feature_capture_v1/features/002_A_vibrant_scene_of_a_snowy_mountain_landscape._The_sky_is_filled_with_a_multitude_of_colorful_hot_air_balloon_0fdc5ecbaf/step_050.pt,"A vibrant scene of a snowy mountain landscape. The sky is filled with a multitude of colorful hot air balloons, each floating at different heights, creating a dynamic and lively atmosphere. The balloons are scattered across the sky, some closer to the viewer, others further away, adding depth to the scene.  Below, the mountainous terrain is blanketed in a thick layer of snow, with a few patches of bare earth visible here and there. The snow-covered mountains provide a stark contrast to the colorful balloons, enhancing the visual appeal of the scene.  In the foreground, a few cars can be seen driving along a winding road that cuts through the mountains. The cars are small compared to the vastness of the landscape, emphasizing the grandeur of the surroundings.  The overall style of the video is a mix of adventure and tranquility, with the hot air balloons adding a touch of whimsy to the otherwise serene mountain landscape. The video is likely shot during the day, as the lighting is bright and even, casting soft shadows on the snow-covered mountains.",2,50,0.605175256729126,0.6078125238418579,0.058458395302295685,0.003086451441049576,0.1118803545832634,0.41652199625968933,0.1976163387298584,0.3948248028755188,0.3921875059604645,8.265625,0.08236668258905411,0.002227493328973651,0.23131035268306732,0.816916823387146,0.37179484963417053,0.9996269345283508,1.0,9.0,0.044588394463062286,0.0020681400783360004,0.0683022141456604,0.36463916301727295,0.17130514979362488,0.7702857255935669,1.0,8.408594131469727,0.06913962960243225,0.003300126176327467,0.19543467462062836,0.45360296964645386,0.20644360780715942,0.45187896490097046,0.44583335518836975,9.0
/home/zhouchongtian/quantization/qvdit_flash_bf16/logs_fp16_flash/adaptive_mtd_feature_capture_v1/features/002_A_vibrant_scene_of_a_snowy_mountain_landscape._The_sky_is_filled_with_a_multitude_of_colorful_hot_air_balloon_0fdc5ecbaf/step_075.pt,"A vibrant scene of a snowy mountain landscape. The sky is filled with a multitude of colorful hot air balloons, each floating at different heights, creating a dynamic and lively atmosphere. The balloons are scattered across the sky, some closer to the viewer, others further away, adding depth to the scene.  Below, the mountainous terrain is blanketed in a thick layer of snow, with a few patches of bare earth visible here and there. The snow-covered mountains provide a stark contrast to the colorful balloons, enhancing the visual appeal of the scene.  In the foreground, a few cars can be seen driving along a winding road that cuts through the mountains. The cars are small compared to the vastness of the landscape, emphasizing the grandeur of the surroundings.  The overall style of the video is a mix of adventure and tranquility, with the hot air balloons adding a touch of whimsy to the otherwise serene mountain landscape. The video is likely shot during the day, as the lighting is bright and even, casting soft shadows on the snow-covered mountains.",2,75,0.6099426746368408,0.612500011920929,0.1768539845943451,0.008884468115866184,0.19950330257415771,0.41297146677970886,0.19619208574295044,0.39005738496780396,0.38750001788139343,8.265625,0.22545020282268524,0.005755136720836163,0.39658594131469727,0.8061488270759583,0.3668941259384155,0.999657392501831,1.0,9.0,0.11118307709693909,0.005636936519294977,0.11643631011247635,0.35849788784980774,0.1681935340166092,0.7734377980232239,1.0,8.414323806762695,0.19403991103172302,0.00885208323597908,0.3291781544685364,0.44711562991142273,0.20349109172821045,0.45381972193717957,0.4559895992279053,9.0
/home/zhouchongtian/quantization/qvdit_flash_bf16/logs_fp16_flash/adaptive_mtd_feature_capture_v1/features/006_A_bustling_city_street_at_night_filled_with_the_glow_of_car_headlights_and_the_ambient_light_of_streetlights._fba2fa1df6/step_025.pt,"A bustling city street at night, filled with the glow of car headlights and the ambient light of streetlights. The scene is a blur of motion, with cars speeding by and pedestrians navigating the crosswalks. The cityscape is a mix of towering buildings and illuminated signs, creating a vibrant and dynamic atmosphere. The perspective of the video is from a high angle, providing a bird's eye view of the street and its surroundings. The overall style of the video is dynamic and energetic, capturing the essence of urban life at night.",6,25,0.6170400381088257,0.6208333373069763,0.026508821174502373,0.001548302243463695,0.0781496912240982,0.42383432388305664,0.2009531557559967,0.3829600512981415,0.37916669249534607,8.265625,0.03306613489985466,0.001040309784002602,0.15223442018032074,0.799029529094696,0.3636539876461029,0.9996327757835388,1.0,9.0,0.016825875267386436,0.0009269285365007818,0.04502749815583229,0.36648547649383545,0.17193327844142914,0.7780482172966003,1.0,8.41171932220459,0.03016919270157814,0.001636442611925304,0.1310359090566635,0.4498646855354309,0.20474223792552948,0.44279080629348755,0.44348961114883423,9.0
/home/zhouchongtian/quantization/qvdit_flash_bf16/logs_fp16_flash/adaptive_mtd_feature_capture_v1/features/006_A_bustling_city_street_at_night_filled_with_the_glow_of_car_headlights_and_the_ambient_light_of_streetlights._fba2fa1df6/step_050.pt,"A bustling city street at night, filled with the glow of car headlights and the ambient light of streetlights. The scene is a blur of motion, with cars speeding by and pedestrians navigating the crosswalks. The cityscape is a mix of towering buildings and illuminated signs, creating a vibrant and dynamic atmosphere. The perspective of the video is from a high angle, providing a bird's eye view of the street and its surroundings. The overall style of the video is dynamic and energetic, capturing the essence of urban life at night.",6,50,0.619255542755127,0.6192708611488342,0.0841863676905632,0.0042740823701024055,0.13084883987903595,0.426692932844162,0.2023278921842575,0.3807445168495178,0.38072919845581055,8.265625,0.08872760832309723,0.0025363429449498653,0.24615898728370667,0.7875518202781677,0.35843023657798767,0.9996464252471924,1.0,9.0,0.05017353966832161,0.0021474407985806465,0.07042373716831207,0.3579871654510498,0.1679380089044571,0.7800512909889221,1.0,8.413541793823242,0.09144886583089828,0.004208242520689964,0.21032896637916565,0.44657519459724426,0.2032451033592224,0.4425707757472992,0.4403645992279053,9.0
/home/zhouchongtian/quantization/qvdit_flash_bf16/logs_fp16_flash/adaptive_mtd_feature_capture_v1/features/006_A_bustling_city_street_at_night_filled_with_the_glow_of_car_headlights_and_the_ambient_light_of_streetlights._fba2fa1df6/step_075.pt,"A bustling city street at night, filled with the glow of car headlights and the ambient light of streetlights. The scene is a blur of motion, with cars speeding by and pedestrians navigating the crosswalks. The cityscape is a mix of towering buildings and illuminated signs, creating a vibrant and dynamic atmosphere. The perspective of the video is from a high angle, providing a bird's eye view of the street and its surroundings. The overall style of the video is dynamic and energetic, capturing the essence of urban life at night.",6,75,0.6144799590110779,0.6093750596046448,0.21865075826644897,0.009877501055598259,0.21643765270709991,0.4223599433898926,0.2005021721124649,0.3855200707912445,0.3906250298023224,8.265625,0.27532950043678284,0.00625712750479579,0.41894033551216125,0.799985408782959,0.36408907175064087,0.9996660351753235,1.0,9.0,0.15143272280693054,0.006228954065591097,0.12759076058864594,0.35837844014167786,0.1684214174747467,0.7778775691986084,1.0,8.4140625,0.23291049897670746,0.010179782286286354,0.35832729935646057,0.4466296136379242,0.20326988399028778,0.44704389572143555,0.44739586114883423,9.0
